"Aeropuerto","Mes","Año","Cantidad Nacionales","Cantidad Extrajeros","Cantidad En Tránsito","Cantidad Exentos","Total Pasajeros"
"Aeropuerto Internacional Juan Santamaría","Setiembre","2021","45027","72761","","","117788"
"Aeropuerto Internacional Juan Santamaría","Agosto","2021","33662","107148","","","140810"
"Aeropuerto Internacional Juan Santamaría","Julio","2021","44307","101336","","","145643"
"Aeropuerto Internacional Juan Santamaría","Junio","2021","46303","80749","","","127052"
"Aeropuerto Internacional Juan Santamaría","Mayo","2021","41496","72615","","","114111"
"Aeropuerto Internacional Juan Santamaría","Abril","2021","23854","71327","","","95181"
"Aeropuerto Internacional Juan Santamaría","Marzo","2021","25075","61096","36","","86207"
"Aeropuerto Internacional Juan Santamaría","Febrero","2021","13911","44077","3","","57991"
"Aeropuerto Internacional Juan Santamaría","Enero","2021","25800","57473","31","","83304"
"Aeropuerto Internacional Juan Santamaría","Diciembre","2020","28245","38385","50","","66680"
"Aeropuerto Internacional Juan Santamaría","Noviembre","2020","15003","24419","53","","39475"
"Aeropuerto Internacional Juan Santamaría","Octubre","2020","6171","8368","1","","14540"
"Aeropuerto Internacional Juan Santamaría","Setiembre","2020","4639","3593","2","","8234"
"Aeropuerto Internacional Juan Santamaría","Agosto","2020","1967","4074","30","","6071"
"Aeropuerto Internacional Juan Santamaría","Julio","2020","916","4066","23","","5005"
"Aeropuerto Internacional Juan Santamaría","Junio","2020","434","2718","","","3152"
"Aeropuerto Internacional Juan Santamaría","Mayo","2020","320","1980","","19","2319"
"Aeropuerto Internacional Juan Santamaría","Abril","2020","131","2174","","39","2344"
"Aeropuerto Internacional Juan Santamaría","Marzo","2020","21861","143354","173","","165388"
"Aeropuerto Internacional Juan Santamaría","Febrero","2020","54200","183777","383","","238360"
"Aeropuerto Internacional Juan Santamaría","Enero","2020","87217","187990","625","","275832"
"Aeropuerto Internacional Juan Santamaría","Diciembre","2019","98254","153319","1420","","252993"
"Aeropuerto Internacional Juan Santamaría","Noviembre","2019","69338","122130","600","","192068"
"Aeropuerto Internacional Juan Santamaría","Octubre","2019","69836","102038","531","","172405"
"Aeropuerto Internacional Juan Santamaría","Setiembre","2019","72172","101211","456","","173839"
"Aeropuerto Internacional Juan Santamaría","Agosto","2019","57089","156401","370","","213860"
"Aeropuerto Internacional Juan Santamaría","Julio","2019","67462","151372","368","","219202"
"Aeropuerto Internacional Juan Santamaría","Junio","2019","61487","136965","345","","198797"
"Aeropuerto Internacional Juan Santamaría","Mayo","2019","62038","128220","182","","190440"
"Aeropuerto Internacional Juan Santamaría","Abril","2019","74966","157030","199","","232195"
"Aeropuerto Internacional Juan Santamaría","Marzo","2019","50288","206724","213","","257225"
"Aeropuerto Internacional Juan Santamaría","Febrero","2019","50683","170380","114","","221177"
"Aeropuerto Internacional Juan Santamaría","Enero","2019","83142","185336","76","","268554"
"Aeropuerto Internacional Juan Santamaría","Diciembre","2018","94955","140736","230","","235921"
"Aeropuerto Internacional Juan Santamaría","Noviembre","2018","64815","120440","429","","185684"
"Aeropuerto Internacional Juan Santamaría","Octubre","2018","69615","93870","311","","163796"
"Aeropuerto Internacional Juan Santamaría","Setiembre","2018","66628","100333","202","","167163"
"Aeropuerto Internacional Juan Santamaría","Agosto","2018","53858","155950","245","","210053"
"Aeropuerto Internacional Juan Santamaría","Julio","2018","66564","148868","188","","215620"
"Aeropuerto Internacional Juan Santamaría","Junio","2018","59374","134066","289","","193729"
"Aeropuerto Internacional Juan Santamaría","Mayo","2018","57026","127450","1270","","185746"
"Aeropuerto Internacional Juan Santamaría","Abril","2018","58915","161284","924","","221123"
"Aeropuerto Internacional Juan Santamaría","Marzo","2018","61855","189397","798","","252050"
"Aeropuerto Internacional Juan Santamaría","Febrero","2018","46119","161065","558","","207742"
"Aeropuerto Internacional Juan Santamaría","Enero","2018","80747","165691","436","","246874"
"Aeropuerto Internacional Juan Santamaría","Diciembre","2017","94701","134992","974","","230667"
"Aeropuerto Internacional Juan Santamaría","Noviembre","2017","60708","117062","1029","","178799"
"Aeropuerto Internacional Juan Santamaría","Octubre","2017","67918","90238","907","","159063"
"Aeropuerto Internacional Juan Santamaría","Setiembre","2017","66218","97889","292","","164399"
"Aeropuerto Internacional Juan Santamaría","Agosto","2017","55641","142777","249","","198667"
"Aeropuerto Internacional Juan Santamaría","Julio","2017","72454","141006","261","","213721"
"Aeropuerto Internacional Juan Santamaría","Junio","2017","57548","126756","406","","184710"
"Aeropuerto Internacional Juan Santamaría","Mayo","2017","56384","119364","372","","176120"
"Aeropuerto Internacional Juan Santamaría","Abril","2017","75897","148746","267","","224910"
"Aeropuerto Internacional Juan Santamaría","Marzo","2017","59057","178954","441","","238452"
"Aeropuerto Internacional Juan Santamaría","Febrero","2017","45407","145129","249","","190785"
"Aeropuerto Internacional Juan Santamaría","Enero","2017","83350","153631","309","","237290"
"Aeropuerto Internacional Juan Santamaría","Diciembre","2016","94613","124247","696","","219556"
"Aeropuerto Internacional Juan Santamaría","Noviembre","2016","57809","102438","426","","160673"
"Aeropuerto Internacional Juan Santamaría","Octubre","2016","59788","83165","527","","143480"
"Aeropuerto Internacional Juan Santamaría","Setiembre","2016","61263","84513","385","","146161"
"Aeropuerto Internacional Juan Santamaría","Agosto","2016","47848","138666","429","","186943"
"Aeropuerto Internacional Juan Santamaría","Julio","2016","71237","134607","514","","206358"
"Aeropuerto Internacional Juan Santamaría","Junio","2016","49813","113257","464","","163534"
"Aeropuerto Internacional Juan Santamaría","Mayo","2016","50182","108096","339","","158617"
"Aeropuerto Internacional Juan Santamaría","Abril","2016","50743","131984","359","","183086"
"Aeropuerto Internacional Juan Santamaría","Marzo","2016","54733","161254","381","","216368"
"Aeropuerto Internacional Juan Santamaría","Febrero","2016","39922","141814","366","","182102"
"Aeropuerto Internacional Juan Santamaría","Enero","2016","65559","149212","351","","215122"
"Aeropuerto Internacional Juan Santamaría","Diciembre","2015","78466","122606","521","","201593"
"Aeropuerto Internacional Juan Santamaría","Noviembre","2015","52292","100505","665","","153462"
"Aeropuerto Internacional Juan Santamaría","Octubre","2015","49628","76395","617","","126640"
"Aeropuerto Internacional Juan Santamaría","Setiembre","2015","51761","79581","495","","131837"
"Aeropuerto Internacional Juan Santamaría","Agosto","2015","40342","129884","726","","170952"
"Aeropuerto Internacional Juan Santamaría","Julio","2015","55015","121514","1172","","177701"
"Aeropuerto Internacional Juan Santamaría","Junio","2015","41610","105053","846","","147509"
"Aeropuerto Internacional Juan Santamaría","Mayo","2015","45060","96530","1713","","143303"
"Aeropuerto Internacional Juan Santamaría","Abril","2015","42523","122819","1907","","167249"
"Aeropuerto Internacional Juan Santamaría","Marzo","2015","45565","143845","1909","","191319"
"Aeropuerto Internacional Juan Santamaría","Febrero","2015","32709","122744","1659","","157112"
"Aeropuerto Internacional Juan Santamaría","Enero","2015","52436","137152","2581","","192169"
"Aeropuerto Internacional Juan Santamaría","Diciembre","2014","60798","104898","2158","","167854"
"Aeropuerto Internacional Juan Santamaría","Noviembre","2014","39118","85296","2636","","127050"
"Aeropuerto Internacional Juan Santamaría","Octubre","2014","39352","67279","1927","","108558"
"Aeropuerto Internacional Juan Santamaría","Setiembre","2014","42932","71728","2440","","117100"
"Aeropuerto Internacional Juan Santamaría","Agosto","2014","33387","116790","2050","","152227"
"Aeropuerto Internacional Juan Santamaría","Julio","2014","40989","111423","2269","","154681"
"Aeropuerto Internacional Juan Santamaría","Junio","2014","41290","96394","2186","","139870"
"Aeropuerto Internacional Juan Santamaría","Mayo","2014","35077","93133","2203","","130413"
"Aeropuerto Internacional Juan Santamaría","Abril","2014","41355","111881","3001","","156237"
"Aeropuerto Internacional Juan Santamaría","Marzo","2014","31389","146267","2555","","180211"
"Aeropuerto Internacional Juan Santamaría","Febrero","2014","29900","120936","1683","","152519"
"Aeropuerto Internacional Juan Santamaría","Enero","2014","49453","132326","1834","","183613"
"Aeropuerto Internacional Juan Santamaría","Diciembre","2013","55599","107738","2365","","165702"
"Aeropuerto Internacional Juan Santamaría","Noviembre","2013","37553","83521","2504","","123578"
"Aeropuerto Internacional Juan Santamaría","Octubre","2013","36303","67254","2296","","105853"
"Aeropuerto Internacional Juan Santamaría","Setiembre","2013","40120","69996","2286","","112402"
"Aeropuerto Internacional Juan Santamaría","Agosto","2013","32744","112790","2011","","147545"
"Aeropuerto Internacional Juan Santamaría","Julio","2013","40899","110324","2311","","153534"
"Aeropuerto Internacional Juan Santamaría","Junio","2013","35732","94980","2890","","133602"
"Aeropuerto Internacional Juan Santamaría","Mayo","2013","32242","85302","2791","","120335"
"Aeropuerto Internacional Juan Santamaría","Abril","2013","31420","108496","2180","","142096"
"Aeropuerto Internacional Juan Santamaría","Marzo","2013","35259","133010","4185","","172454"
"Aeropuerto Internacional Juan Santamaría","Febrero","2013","27828","109628","2151","","139607"
"Aeropuerto Internacional Juan Santamaría","Enero","2013","43173","122939","1861","","167973"
"Aeropuerto Internacional Juan Santamaría","Diciembre","2012","50781","92365","2481","","145627"
"Aeropuerto Internacional Juan Santamaría","Noviembre","2012","36664","79305","3014","","118983"
"Aeropuerto Internacional Juan Santamaría","Octubre","2012","37254","60425","2460","","100139"
"Aeropuerto Internacional Juan Santamaría","Setiembre","2012","39582","67775","2482","","109839"
"Aeropuerto Internacional Juan Santamaría","Agosto","2012","31762","105745","2204","","139711"
"Aeropuerto Internacional Juan Santamaría","Julio","2012","40250","105916","2044","","148210"
"Aeropuerto Internacional Juan Santamaría","Junio","2012","33565","89148","2543","","125256"
"Aeropuerto Internacional Juan Santamaría","Mayo","2012","32652","82235","2060","","116947"
"Aeropuerto Internacional Juan Santamaría","Abril","2012","33113","106010","2216","","141339"
"Aeropuerto Internacional Juan Santamaría","Marzo","2012","32688","130949","2273","","165910"
"Aeropuerto Internacional Juan Santamaría","Febrero","2012","26159","108062","1565","","135786"
"Aeropuerto Internacional Juan Santamaría","Enero","2012","43013","115773","2167","","160953"
"Aeropuerto Internacional Juan Santamaría","Diciembre","2011","44776","90298","2391","","137465"
"Aeropuerto Internacional Juan Santamaría","Noviembre","2011","33581","77548","2448","","113577"
"Aeropuerto Internacional Juan Santamaría","Octubre","2011","33800","62624","2319","","98743"
"Aeropuerto Internacional Juan Santamaría","Setiembre","2011","34890","64575","2242","","101707"
"Aeropuerto Internacional Juan Santamaría","Agosto","2011","28605","102893","2043","","133541"
"Aeropuerto Internacional Juan Santamaría","Julio","2011","37952","103344","2586","","143882"
"Aeropuerto Internacional Juan Santamaría","Junio","2011","30401","87984","2387","","120772"
"Aeropuerto Internacional Juan Santamaría","Mayo","2011","30666","82713","2223","","115602"
"Aeropuerto Internacional Juan Santamaría","Abril","2011","35224","103098","2221","","140543"
"Aeropuerto Internacional Juan Santamaría","Marzo","2011","26900","128936","2794","","158630"
"Aeropuerto Internacional Juan Santamaría","Febrero","2011","24621","105360","1888","","131869"
"Aeropuerto Internacional Juan Santamaría","Enero","2011","39797","116312","1920","","158029"
"Aeropuerto Internacional Tobías Bolaños","Setiembre","2021","","2305","","","2305"
"Aeropuerto Internacional Tobías Bolaños","Agosto","2021","5","2376","","","2381"
"Aeropuerto Internacional Tobías Bolaños","Julio","2021","12","3011","","","3023"
"Aeropuerto Internacional Tobías Bolaños","Junio","2021","2207","3","","","2210"
"Aeropuerto Internacional Tobías Bolaños","Mayo","2021","2134","4","","","2138"
"Aeropuerto Internacional Tobías Bolaños","Abril","2021","2132","16","","","2148"
"Aeropuerto Internacional Tobías Bolaños","Marzo","2021","2063","8","","","2071"
"Aeropuerto Internacional Tobías Bolaños","Febrero","2021","1646","7","","","1653"
"Aeropuerto Internacional Tobías Bolaños","Enero","2021","1960","10","","","1970"
"Aeropuerto Internacional Tobías Bolaños","Diciembre","2020","1010","31","","","1041"
"Aeropuerto Internacional Tobías Bolaños","Diciembre","2020","1010","31","","","1041"
"Aeropuerto Internacional Tobías Bolaños","Noviembre","2020","587","6","","","593"
"Aeropuerto Internacional Tobías Bolaños","Noviembre","2020","587","6","","","593"
"Aeropuerto Internacional Tobías Bolaños","Octubre","2020","592","17","","","609"
"Aeropuerto Internacional Tobías Bolaños","Octubre","2020","592","17","","","609"
"Aeropuerto Internacional Tobías Bolaños","Setiembre","2020","392","42","","","434"
"Aeropuerto Internacional Tobías Bolaños","Agosto","2020","403","25","","","428"
"Aeropuerto Internacional Tobías Bolaños","Julio","2020","349","29","","","378"
"Aeropuerto Internacional Tobías Bolaños","Junio","2020","516","56","","","572"
"Aeropuerto Internacional Tobías Bolaños","Mayo","2020","317","12","","","329"
"Aeropuerto Internacional Tobías Bolaños","Abril","2020","178","20","","","198"
"Aeropuerto Internacional Tobías Bolaños","Marzo","2020","868","66","","","934"
"Aeropuerto Internacional Tobías Bolaños","Febrero","2020","1292","91","","","1383"
"Aeropuerto Internacional Tobías Bolaños","Enero","2020","1726","102","","","1828"
"Aeropuerto Internacional Tobías Bolaños","Diciembre","2019","3213","160","","","3373"
"Aeropuerto Internacional Tobías Bolaños","Noviembre","2019","2760","179","","","2939"
"Aeropuerto Internacional Tobías Bolaños","Octubre","2019","1712","209","","","1921"
"Aeropuerto Internacional Tobías Bolaños","Setiembre","2019","1952","175","","","2127"
"Aeropuerto Internacional Tobías Bolaños","Agosto","2019","2289","309","","","2598"
"Aeropuerto Internacional Tobías Bolaños","Julio","2019","2241","481","","","2722"
"Aeropuerto Internacional Tobías Bolaños","Junio","2019","747","59","","","806"
"Aeropuerto Internacional Tobías Bolaños","Mayo","2019","1633","76","","","1709"
"Aeropuerto Internacional Tobías Bolaños","Abril","2019","2593","377","","","2970"
"Aeropuerto Internacional Tobías Bolaños","Marzo","2019","2562","582","","","3144"
"Aeropuerto Internacional Tobías Bolaños","Febrero","2019","3316","106","","","3422"
"Aeropuerto Internacional Tobías Bolaños","Enero","2019","3405","622","","","4027"
"Aeropuerto Internacional Tobías Bolaños","Diciembre","2018","2764","480","","","3244"
"Aeropuerto Internacional Tobías Bolaños","Noviembre","2018","1875","563","","","2438"
"Aeropuerto Internacional Tobías Bolaños","Octubre","2018","949","429","","","1378"
"Aeropuerto Internacional Tobías Bolaños","Setiembre","2018","1294","359","","","1653"
"Aeropuerto Internacional Tobías Bolaños","Agosto","2018","1700","347","","","2047"
"Aeropuerto Internacional Tobías Bolaños","Julio","2018","1157","376","","","1533"
"Aeropuerto Internacional Tobías Bolaños","Junio","2018","","492","","","492"
"Aeropuerto Internacional Tobías Bolaños","Mayo","2018","","314","","","314"
"Aeropuerto Internacional Tobías Bolaños","Abril","2018","185","201","","","386"
"Aeropuerto Internacional Tobías Bolaños","Marzo","2018","105","125","","","230"
"Aeropuerto Internacional Tobías Bolaños","Febrero","2018","111","112","","","223"
"Aeropuerto Internacional Tobías Bolaños","Enero","2018","135","382","","","517"
"Aeropuerto Internacional Tobías Bolaños","Diciembre","2017","1023","527","","","1550"
"Aeropuerto Internacional Tobías Bolaños","Noviembre","2017","926","255","","","1181"
"Aeropuerto Internacional Tobías Bolaños","Octubre","2017","237","331","","","568"
"Aeropuerto Internacional Tobías Bolaños","Junio","2017","1772","330","","","2102"
"Aeropuerto Internacional Tobías Bolaños","Mayo","2017","1606","390","","","1996"
"Aeropuerto Internacional Tobías Bolaños","Abril","2017","762","455","","","1217"
"Aeropuerto Internacional Tobías Bolaños","Marzo","2017","823","655","","","1478"
"Aeropuerto Internacional Tobías Bolaños","Febrero","2017","635","447","","","1082"
"Aeropuerto Internacional Tobías Bolaños","Enero","2017","1048","409","","","1457"
"Aeropuerto Internacional Tobías Bolaños","Diciembre","2016","874","318","","","1192"
"Aeropuerto Internacional Tobías Bolaños","Noviembre","2016","697","328","","","1025"
"Aeropuerto Internacional Tobías Bolaños","Octubre","2016","916","466","","","1382"
"Aeropuerto Internacional Tobías Bolaños","Setiembre","2016","580","428","","","1008"
"Aeropuerto Internacional Tobías Bolaños","Agosto","2016","743","407","","","1150"
"Aeropuerto Internacional Tobías Bolaños","Julio","2016","695","452","","","1147"
"Aeropuerto Internacional Tobías Bolaños","Junio","2016","520","414","","","934"
"Aeropuerto Internacional Tobías Bolaños","Mayo","2016","540","434","","","974"
"Aeropuerto Internacional Tobías Bolaños","Abril","2016","669","572","","","1241"
"Aeropuerto Internacional Tobías Bolaños","Marzo","2016","743","368","","","1111"
"Aeropuerto Internacional Tobías Bolaños","Febrero","2016","702","819","","","1521"
"Aeropuerto Internacional Tobías Bolaños","Enero","2016","754","374","","","1128"
"Aeropuerto Internacional Tobías Bolaños","Diciembre","2015","782","466","","","1248"
"Aeropuerto Internacional Tobías Bolaños","Noviembre","2015","493","512","","","1005"
"Aeropuerto Internacional Tobías Bolaños","Octubre","2015","642","478","","","1120"
"Aeropuerto Internacional Tobías Bolaños","Setiembre","2015","602","410","","","1012"
"Aeropuerto Internacional Tobías Bolaños","Agosto","2015","600","425","","","1025"
"Aeropuerto Internacional Tobías Bolaños","Julio","2015","724","386","","","1110"
"Aeropuerto Internacional Tobías Bolaños","Junio","2015","480","506","","","986"
"Aeropuerto Internacional Tobías Bolaños","Mayo","2015","523","449","","","972"
"Aeropuerto Internacional Tobías Bolaños","Abril","2015","643","396","","","1039"
"Aeropuerto Internacional Tobías Bolaños","Marzo","2015","429","484","","","913"
"Aeropuerto Internacional Tobías Bolaños","Febrero","2015","396","509","","","905"
"Aeropuerto Internacional Tobías Bolaños","Enero","2015","530","363","","","893"
"Aeropuerto Internacional Limón","Setiembre","2021","1721","","","","1721"
"Aeropuerto Internacional Limón","Agosto","2021","1576","","","","1576"
"Aeropuerto Internacional Limón","Julio","2021","1618","","","","1618"
"Aeropuerto Internacional Limón","Junio","2021","805","","","","805"
"Aeropuerto Internacional Limón","Mayo","2021","831","32","","","863"
"Aeropuerto Internacional Limón","Abril","2021","935","","","","935"
"Aeropuerto Internacional Limón","Marzo","2021","626","2","","","628"
"Aeropuerto Internacional Limón","Febrero","2021","437","2","","","439"
"Aeropuerto Internacional Limón","Enero","2021","414","8","","","422"
"Aeropuerto Internacional Limón","Diciembre","2020","330","","","","330"
"Aeropuerto Internacional Limón","Noviembre","2020","171","","","","171"
"Aeropuerto Internacional Limón","Octubre","2020","247","","","","247"
"Aeropuerto Internacional Limón","Setiembre","2020","169","","","","169"
"Aeropuerto Internacional Limón","Agosto","2020","92","","","","92"
"Aeropuerto Internacional Limón","Julio","2020","78","","","","78"
"Aeropuerto Internacional Limón","Junio","2020","202","","","","202"
"Aeropuerto Internacional Limón","Mayo","2020","125","","","","125"
"Aeropuerto Internacional Limón","Abril","2020","88","","","","88"
"Aeropuerto Internacional Limón","Marzo","2020","762","2","","","764"
"Aeropuerto Internacional Limón","Febrero","2020","1238","","","","1238"
"Aeropuerto Internacional Limón","Enero","2020","1105","2","","","1107"
"Aeropuerto Internacional Limón","Diciembre","2019","1213","5","","","1218"
"Aeropuerto Internacional Limón","Noviembre","2019","1354","20","","","1374"
"Aeropuerto Internacional Limón","Octubre","2019","1173","","","","1173"
"Aeropuerto Internacional Limón","Setiembre","2019","1048","","","","1048"
"Aeropuerto Internacional Limón","Agosto","2019","1075","7","","","1082"
"Aeropuerto Internacional Limón","Julio","2019","1533","6","","","1539"
"Aeropuerto Internacional Limón","Junio","2019","1119","","","","1119"
"Aeropuerto Internacional Limón","Mayo","2019","1007","","","","1007"
"Aeropuerto Internacional Limón","Abril","2019","1158","11","","","1169"
"Aeropuerto Internacional Limón","Marzo","2019","1236","19","","","1255"
"Aeropuerto Internacional Limón","Febrero","2019","1181","19","","","1200"
"Aeropuerto Internacional Limón","Enero","2019","1075","2","","","1077"
"Aeropuerto Internacional Limón","Diciembre","2018","766","3","","","769"
"Aeropuerto Internacional Limón","Noviembre","2018","747","","","","747"
"Aeropuerto Internacional Limón","Octubre","2018","813","43","","","856"
"Aeropuerto Internacional Limón","Setiembre","2018","1410","","","","1410"
"Aeropuerto Internacional Limón","Agosto","2018","746","","","","746"
"Aeropuerto Internacional Limón","Julio","2018","578","","","","578"
"Aeropuerto Internacional Limón","Junio","2018","620","","","","620"
"Aeropuerto Internacional Limón","Mayo","2018","734","","","","734"
"Aeropuerto Internacional Limón","Abril","2018","669","13","","","682"
"Aeropuerto Internacional Limón","Marzo","2018","777","36","","","813"
"Aeropuerto Internacional Limón","Febrero","2018","917","","","","917"
"Aeropuerto Internacional Limón","Enero","2018","646","3","","","649"
"Aeropuerto Internacional Limón","Diciembre","2017","717","7","","","724"
"Aeropuerto Internacional Limón","Noviembre","2017","709","15","","","724"
"Aeropuerto Internacional Limón","Octubre","2017","813","43","","","856"
"Aeropuerto Internacional Limón","Junio","2017","673","21","","","694"
"Aeropuerto Internacional Limón","Mayo","2017","887","13","","","900"
"Aeropuerto Internacional Limón","Abril","2017","837","5","","","842"
"Aeropuerto Internacional Limón","Marzo","2017","1125","6","","","1131"
"Aeropuerto Internacional Limón","Febrero","2017","1010","23","","","1033"
"Aeropuerto Internacional Limón","Enero","2017","790","","","","790"
"Aeropuerto Internacional Limón","Diciembre","2016","739","9","","","748"
"Aeropuerto Internacional Limón","Noviembre","2016","598","16","","","614"
"Aeropuerto Internacional Limón","Octubre","2016","761","28","","","789"
"Aeropuerto Internacional Limón","Setiembre","2016","743","2","","","745"
"Aeropuerto Internacional Limón","Agosto","2016","692","","","","692"
"Aeropuerto Internacional Limón","Julio","2016","583","2","","","585"
"Aeropuerto Internacional Limón","Junio","2016","584","16","","","600"
"Aeropuerto Internacional Limón","Mayo","2016","684","8","","","692"
"Aeropuerto Internacional Limón","Abril","2016","589","7","","","596"
"Aeropuerto Internacional Limón","Marzo","2016","569","2","","","571"
"Aeropuerto Internacional Limón","Febrero","2016","803","2","","","805"
"Aeropuerto Internacional Limón","Enero","2016","639","3","","","642"
"Aeropuerto Internacional Limón","Diciembre","2015","637","","","","637"
"Aeropuerto Internacional Limón","Noviembre","2015","465","28","","","493"
"Aeropuerto Internacional Limón","Octubre","2015","687","10","","","697"
"Aeropuerto Internacional Limón","Setiembre","2015","359","12","","","371"
"Aeropuerto Internacional Limón","Agosto","2015","335","11","","","346"
"Aeropuerto Internacional Limón","Julio","2015","457","","","","457"
"Aeropuerto Internacional Limón","Junio","2015","517","","","","517"
"Aeropuerto Internacional Limón","Mayo","2015","302","2","","","304"
"Aeropuerto Internacional Limón","Abril","2015","353","2","","","355"
"Aeropuerto Internacional Limón","Marzo","2015","605","","","","605"
"Aeropuerto Internacional Limón","Febrero","2015","470","45","","","515"
"Aeropuerto Internacional Limón","Enero","2015","594","4","","","598"
"Aeropuerto Internacional Daniel Oduber Quirós","Setiembre","2021","1941","71053","","","72994"
"Aeropuerto Internacional Daniel Oduber Quirós","Agosto","2021","2246","141790","","","144036"
"Aeropuerto Internacional Daniel Oduber Quirós","Julio","2021","3127","186069","","","189196"
"Aeropuerto Internacional Daniel Oduber Quirós","Junio","2021","2488","177426","","","179914"
"Aeropuerto Internacional Daniel Oduber Quirós","Mayo","2021","2982","126060","","","129042"
"Aeropuerto Internacional Daniel Oduber Quirós","Abril","2021","1266","59783","","","61049"
"Aeropuerto Internacional Daniel Oduber Quirós","Marzo","2021","1580","50456","","","52036"
"Aeropuerto Internacional Daniel Oduber Quirós","Febrero","2021","905","29322","","","30227"
"Aeropuerto Internacional Daniel Oduber Quirós","Enero","2021","506","38139","","","38645"
"Aeropuerto Internacional Daniel Oduber Quirós","Diciembre","2020","725","31570","","","32295"
"Aeropuerto Internacional Daniel Oduber Quirós","Noviembre","2020","322","15484","","","15806"
"Aeropuerto Internacional Daniel Oduber Quirós","Octubre","2020","253","2719","","","2972"
"Aeropuerto Internacional Daniel Oduber Quirós","Setiembre","2020","113","1296","","","1409"
"Aeropuerto Internacional Daniel Oduber Quirós","Agosto","2020","120","103","","","223"
"Aeropuerto Internacional Daniel Oduber Quirós","Julio","2020","84","540","","","624"
"Aeropuerto Internacional Daniel Oduber Quirós","Junio","2020","31","36","","","67"
"Aeropuerto Internacional Daniel Oduber Quirós","Mayo","2020","35","25","","","60"
"Aeropuerto Internacional Daniel Oduber Quirós","Abril","2020","27","28","","","55"
"Aeropuerto Internacional Daniel Oduber Quirós","Marzo","2020","1576","96774","","","98350"
"Aeropuerto Internacional Daniel Oduber Quirós","Febrero","2020","3279","155796","","","159075"
"Aeropuerto Internacional Daniel Oduber Quirós","Enero","2020","3366","163017","","","166383"
"Aeropuerto Internacional Daniel Oduber Quirós","Diciembre","2019","3703","124782","","","128485"
"Aeropuerto Internacional Daniel Oduber Quirós","Noviembre","2019","2702","84794","","","87496"
"Aeropuerto Internacional Daniel Oduber Quirós","Octubre","2019","1676","42541","","","44217"
"Aeropuerto Internacional Daniel Oduber Quirós","Setiembre","2019","1516","39632","","","41148"
"Aeropuerto Internacional Daniel Oduber Quirós","Agosto","2019","2098","78709","","","80807"
"Aeropuerto Internacional Daniel Oduber Quirós","Julio","2019","2213","97531","","","99744"
"Aeropuerto Internacional Daniel Oduber Quirós","Junio","2019","2114","90106","","","92220"
"Aeropuerto Internacional Daniel Oduber Quirós","Mayo","2019","1791","76368","","","78159"
"Aeropuerto Internacional Daniel Oduber Quirós","Abril","2019","2140","116632","","","118772"
"Aeropuerto Internacional Daniel Oduber Quirós","Marzo","2019","2312","162681","","","164993"
"Aeropuerto Internacional Daniel Oduber Quirós","Febrero","2019","2179","135272","","","137451"
"Aeropuerto Internacional Daniel Oduber Quirós","Enero","2019","2235","139925","","","142160"
"Aeropuerto Internacional Daniel Oduber Quirós","Diciembre","2018","2681","116177","","","118858"
"Aeropuerto Internacional Daniel Oduber Quirós","Noviembre","2018","2108","77998","","","80106"
"Aeropuerto Internacional Daniel Oduber Quirós","Octubre","2018","1810","35562","","","37372"
"Aeropuerto Internacional Daniel Oduber Quirós","Setiembre","2018","2196","34080","","","36276"
"Aeropuerto Internacional Daniel Oduber Quirós","Agosto","2018","2335","72843","","","75178"
"Aeropuerto Internacional Daniel Oduber Quirós","Julio","2018","2091","91474","","","93565"
"Aeropuerto Internacional Daniel Oduber Quirós","Junio","2018","2046","84824","","","86870"
"Aeropuerto Internacional Daniel Oduber Quirós","Mayo","2018","2233","71920","","","74153"
"Aeropuerto Internacional Daniel Oduber Quirós","Abril","2018","2500","111098","","","113598"
"Aeropuerto Internacional Daniel Oduber Quirós","Marzo","2018","2791","143090","","","145881"
"Aeropuerto Internacional Daniel Oduber Quirós","Febrero","2018","2372","118223","","","120595"
"Aeropuerto Internacional Daniel Oduber Quirós","Enero","2018","2363","129870","","","132233"
"Aeropuerto Internacional Daniel Oduber Quirós","Diciembre","2017","3112","102543","","","105655"
"Aeropuerto Internacional Daniel Oduber Quirós","Noviembre","2017","3791","64682","","","68473"
"Aeropuerto Internacional Daniel Oduber Quirós","Octubre","2017","2259","40707","","","42966"
"Aeropuerto Internacional Daniel Oduber Quirós","Junio","2017","2837","77334","","","80171"
"Aeropuerto Internacional Daniel Oduber Quirós","Mayo","2017","68220","3219","","","71439"
"Aeropuerto Internacional Daniel Oduber Quirós","Abril","2017","3654","117631","","","121285"
"Aeropuerto Internacional Daniel Oduber Quirós","Marzo","2017","4735","140740","","","145475"
"Aeropuerto Internacional Daniel Oduber Quirós","Febrero","2017","2997","117897","","","120894"
"Aeropuerto Internacional Daniel Oduber Quirós","Enero","2017","2523","128316","","","130839"
"Aeropuerto Internacional Daniel Oduber Quirós","Diciembre","2016","3594","109873","","","113467"
"Aeropuerto Internacional Daniel Oduber Quirós","Noviembre","2016","2575","72468","","","75043"
"Aeropuerto Internacional Daniel Oduber Quirós","Octubre","2016","2119","44405","","","46524"
"Aeropuerto Internacional Daniel Oduber Quirós","Setiembre","2016","1944","42435","","","44379"
"Aeropuerto Internacional Daniel Oduber Quirós","Agosto","2016","2662","81472","","","84134"
"Aeropuerto Internacional Daniel Oduber Quirós","Julio","2016","2878","110126","","","113004"
"Aeropuerto Internacional Daniel Oduber Quirós","Junio","2016","2245","90295","","","92540"
"Aeropuerto Internacional Daniel Oduber Quirós","Mayo","2016","2474","79107","","","81581"
"Aeropuerto Internacional Daniel Oduber Quirós","Abril","2016","2808","110370","","","113178"
"Aeropuerto Internacional Daniel Oduber Quirós","Marzo","2016","2588","141242","","","143830"
"Aeropuerto Internacional Daniel Oduber Quirós","Febrero","2016","2483","129544","","","132027"
"Aeropuerto Internacional Daniel Oduber Quirós","Enero","2016","2305","128590","","","130895"
"Aeropuerto Internacional Daniel Oduber Quirós","Diciembre","2015","1938","108140","","","110078"
"Aeropuerto Internacional Daniel Oduber Quirós","Noviembre","2015","1866","70936","","","72802"
"Aeropuerto Internacional Daniel Oduber Quirós","Octubre","2015","1751","26085","","","27836"
"Aeropuerto Internacional Daniel Oduber Quirós","Setiembre","2015","1770","25356","","","27126"
"Aeropuerto Internacional Daniel Oduber Quirós","Agosto","2015","1873","55921","","","57794"
"Aeropuerto Internacional Daniel Oduber Quirós","Julio","2015","1919","68035","","","69954"
"Aeropuerto Internacional Daniel Oduber Quirós","Junio","2015","1675","58984","","","60659"
"Aeropuerto Internacional Daniel Oduber Quirós","Mayo","2015","1854","51212","","","53066"
"Aeropuerto Internacional Daniel Oduber Quirós","Abril","2015","2027","86556","","","88583"
"Aeropuerto Internacional Daniel Oduber Quirós","Marzo","2015","1825","115637","","","117462"
"Aeropuerto Internacional Daniel Oduber Quirós","Febrero","2015","1676","95496","","","97172"
"Aeropuerto Internacional Daniel Oduber Quirós","Enero","2015","1761","98834","","","100595"
